City_ID,City,Country,Lat,Lng,Max Temp,Humidity,Cloudiness,Wind Speed,Current Description
0,Pevek,RU,69.7008,170.3133,38.01,83,82,12.1,broken clouds
1,Ribeira Grande,PT,38.5167,-28.7,64.78,80,10,13.78,clear sky
2,San Quintin,MX,30.4833,-115.95,74.52,59,8,14.99,clear sky
3,Thompson,CA,55.7435,-97.8558,66.36,32,75,5.75,broken clouds
4,San Cristobal,VE,7.7669,-72.225,66.38,99,95,3.56,overcast clouds
5,East London,ZA,-33.0153,27.9116,58.14,63,23,14.45,few clouds
6,Rikitea,PF,-23.1203,-134.9692,75.78,78,59,15.7,broken clouds
7,Saint George,US,37.1041,-113.5841,100.63,13,0,19.57,clear sky
8,Faya,SA,18.3851,42.4509,68.11,42,77,2.84,broken clouds
9,Tuni,IN,17.35,82.55,78.12,89,100,5.53,light rain
10,Kavaratti,IN,10.5669,72.642,82.08,80,100,24.02,moderate rain
11,Punta Arenas,CL,-53.15,-70.9167,39.31,87,75,18.41,broken clouds
12,Kaitangata,NZ,-46.2817,169.8464,51.67,77,100,5.03,moderate rain
13,Khatanga,RU,71.9667,102.5,54.45,73,98,9.57,overcast clouds
14,Salalah,OM,17.0151,54.0924,82.49,83,75,4.61,broken clouds
15,Busselton,AU,-33.65,115.3333,55.49,75,88,3.51,overcast clouds
16,Olafsvik,IS,64.8945,-23.7142,45.52,67,8,6.62,clear sky
17,Shellbrook,CA,53.2168,-106.4011,54.63,92,98,15.5,overcast clouds
18,Kruisfontein,ZA,-34.0033,24.7314,47.89,85,14,7.76,few clouds
19,Shaoyang,CN,27.2315,111.4525,79.84,80,28,5.21,scattered clouds
20,Vao,NC,-22.6667,167.4833,73.02,76,87,13.58,overcast clouds
21,Qaanaaq,GL,77.484,-69.3632,38.52,65,34,5.93,scattered clouds
22,Port Alfred,ZA,-33.5906,26.891,57.78,70,42,14.45,scattered clouds
23,Dongsheng,CN,39.8161,109.9776,79.83,24,83,12.46,broken clouds
24,Vaini,TO,-21.2,-175.2,75.36,73,75,10.36,broken clouds
25,Castro,BR,-24.7911,-50.0119,58.14,84,18,2.33,few clouds
26,San Patricio,US,28.017,-97.5169,91.54,47,1,16.71,clear sky
27,Taoudenni,ML,22.6783,-3.9836,100.53,12,28,13.87,scattered clouds
28,Natalio,PY,-26.7167,-55.0833,59.14,99,83,2.66,broken clouds
29,Tuktoyaktuk,CA,69.4541,-133.0374,44.6,81,75,11.5,broken clouds
30,Norman Wells,CA,65.282,-126.8329,68.04,52,75,10.36,broken clouds
31,Barrow,US,71.2906,-156.7887,48.22,71,100,3.44,overcast clouds
32,Bredasdorp,ZA,-34.5322,20.0403,47.53,83,0,3.36,clear sky
33,Warrnambool,AU,-38.3833,142.4833,53.82,85,57,15.73,broken clouds
34,Guadix,ES,37.2993,-3.1392,69.46,41,0,2.98,clear sky
35,Catamarca,AR,-28.4696,-65.7852,49.77,64,43,3.0,scattered clouds
36,Puerto Suarez,BO,-18.95,-57.8,74.98,44,4,1.77,clear sky
37,Hithadhoo,MV,-0.6,73.0833,82.92,71,67,9.78,broken clouds
38,Usinsk,RU,65.9939,57.5281,41.11,96,100,14.54,overcast clouds
39,Kismayo,SO,-0.3582,42.5454,76.75,76,84,17.45,broken clouds
40,Georgetown,MY,5.4112,100.3354,78.73,93,20,2.3,few clouds
41,Balkanabat,TM,39.5108,54.3671,86.63,33,0,5.95,clear sky
42,Arlit,NE,18.7369,7.3853,93.76,8,2,10.11,clear sky
43,Dubbo,AU,-32.25,148.6167,51.93,76,27,4.61,scattered clouds
44,Sao Joao Da Barra,BR,-21.6403,-41.0511,71.62,90,20,10.63,few clouds
45,Yellowknife,CA,62.456,-114.3525,72.12,43,75,9.22,broken clouds
46,Luderitz,NA,-26.6481,15.1594,56.52,65,0,12.88,clear sky
47,Boralday,KZ,43.3578,76.8594,66.06,77,75,4.47,broken clouds
48,Chuy,UY,-33.6971,-53.4616,50.59,76,100,10.65,overcast clouds
49,Mataura,NZ,-46.1927,168.8643,51.48,84,100,1.7,light rain
50,Oriximina,BR,-1.7656,-55.8661,78.94,71,100,3.6,overcast clouds
51,Upernavik,GL,72.7868,-56.1549,34.54,86,98,5.64,overcast clouds
52,Bambous Virieux,MU,-20.3428,57.7575,70.21,52,40,17.27,scattered clouds
53,Mar Del Plata,AR,-38.0023,-57.5575,45.09,87,75,7.0,broken clouds
54,Kenora,CA,49.8167,-94.4337,72.57,88,100,10.36,light intensity shower rain
55,Boa Vista,BR,2.8197,-60.6733,80.58,78,40,8.05,scattered clouds
56,Hermanus,ZA,-34.4187,19.2345,53.01,74,0,3.29,clear sky
57,Atuona,PF,-9.8,-139.0333,77.95,73,9,18.03,clear sky
58,Glens Falls,US,43.3095,-73.644,80.65,72,0,6.91,clear sky
59,Ushuaia,AR,-54.8,-68.3,42.46,81,20,26.46,few clouds
60,Cape Town,ZA,-33.9258,18.4232,55.38,81,0,6.91,clear sky
61,Oistins,BB,13.0667,-59.5333,80.69,78,40,18.41,scattered clouds
62,Tautira,PF,-17.7333,-149.15,78.37,72,98,5.03,overcast clouds
63,Nikolskoye,RU,59.7035,30.7861,56.91,79,0,2.68,clear sky
64,Ancud,CL,-41.8697,-73.8203,38.34,73,0,8.5,clear sky
65,Hambantota,LK,6.1241,81.1185,80.82,79,94,18.59,overcast clouds
66,Gobabis,NA,-22.45,18.9667,37.92,67,0,8.66,clear sky
67,Avarua,CK,-21.2078,-159.775,71.65,78,75,8.05,light intensity drizzle
68,Ipira,BR,-12.1583,-39.7372,70.54,78,56,9.33,broken clouds
69,Sobolevo,RU,54.4299,31.8996,57.81,87,6,5.68,clear sky
70,Pandamatenga,BW,-18.5278,25.627,54.28,59,0,5.68,clear sky
71,Saint-Joseph,RE,-21.3667,55.6167,61.18,68,25,14.2,scattered clouds
72,Miri,MY,4.4148,114.0089,78.94,89,20,4.61,few clouds
73,Coquimbo,CL,-29.9533,-71.3436,55.13,87,0,3.44,clear sky
74,Paka,MY,4.6374,103.4368,75.13,94,40,2.3,scattered clouds
75,Hobart,AU,-42.8794,147.3294,55.26,71,93,7.0,overcast clouds
76,Codrington,AU,-38.2667,141.9667,50.25,90,52,13.18,broken clouds
77,Mabaruma,GY,8.2,-59.7833,75.54,90,55,4.94,broken clouds
78,New Norfolk,AU,-42.7826,147.0587,54.91,86,97,1.01,overcast clouds
79,Leshukonskoye,RU,64.8989,45.7622,48.92,94,67,7.76,broken clouds
80,Port Jervis,US,41.3751,-74.6927,79.48,82,58,2.24,broken clouds
81,Albany,US,42.6001,-73.9662,79.45,66,4,6.73,clear sky
82,Tazovskiy,RU,67.4667,78.7,55.54,70,51,15.82,light rain
83,Kapaa,US,22.0752,-159.319,84.18,71,75,13.8,broken clouds
84,Ponta Do Sol,PT,32.6667,-17.1,68.63,77,7,5.32,clear sky
85,Knysna,ZA,-34.0363,23.0471,50.94,85,4,4.45,clear sky
86,Lebu,CL,-37.6167,-73.65,48.4,88,49,3.96,scattered clouds
87,Hilo,US,19.7297,-155.09,82.26,69,20,9.22,few clouds
88,Lagoa,PT,39.05,-27.9833,65.23,67,44,13.91,scattered clouds
89,Aviles,ES,43.5547,-5.9248,58.93,94,100,9.22,light rain
90,Esperance,AU,-33.8667,121.9,52.66,74,38,11.3,scattered clouds
91,Port Elizabeth,ZA,-33.918,25.5701,52.09,92,0,9.22,clear sky
92,Saint-Philippe,RE,-21.3585,55.7679,62.19,68,54,13.06,broken clouds
93,Cidreira,BR,-30.1811,-50.2056,61.75,96,100,6.93,overcast clouds
94,Sandwick,GB,60.0,-1.25,53.42,100,100,4.61,mist
95,Balikpapan,ID,-1.2675,116.8289,79.79,83,20,0.0,few clouds
96,Dikson,RU,73.5069,80.5464,31.73,96,100,17.81,overcast clouds
97,Lazaro Cardenas,MX,17.9583,-102.2,75.94,82,100,3.56,overcast clouds
98,Te Anau,NZ,-45.4167,167.7167,47.86,94,85,1.86,light rain
99,Kodiak,US,57.79,-152.4072,54.91,82,100,9.22,mist
100,Balclutha,NZ,-46.2339,169.75,50.97,78,100,4.09,moderate rain
101,Kirakira,SB,-10.4544,161.9205,84.47,71,48,11.16,scattered clouds
102,Santa Catalina,PH,9.3337,122.8637,84.18,76,59,2.21,broken clouds
103,Mount Gambier,AU,-37.8333,140.7667,53.8,82,61,9.66,broken clouds
104,Kholodnyy,RU,62.7167,147.95,61.93,51,54,2.91,broken clouds
105,Bluff,NZ,-46.6,168.3333,51.8,92,100,12.86,light rain
106,Bengkulu,ID,-3.8004,102.2655,75.13,89,86,5.19,overcast clouds
107,Pazaric,BA,43.7886,18.1608,64.42,82,0,3.44,clear sky
108,Faanui,PF,-16.4833,-151.75,78.4,72,76,5.26,broken clouds
109,Shanghai,CN,31.2222,121.4581,85.87,76,0,11.01,clear sky
110,Carnarvon,AU,-24.8667,113.6333,63.79,57,0,15.35,clear sky
111,Bilibino,RU,68.0546,166.4372,55.45,44,69,8.59,broken clouds
112,Vestmannaeyjar,IS,63.4427,-20.2734,47.62,61,16,13.6,few clouds
113,Mahebourg,MU,-20.4081,57.7,70.25,52,40,17.27,scattered clouds
114,Guisa,CU,20.255,-76.5386,74.66,90,80,3.22,broken clouds
115,Cabo San Lucas,MX,22.8909,-109.9124,88.9,48,0,14.97,clear sky
116,Sorbhog,IN,26.5,90.8667,77.47,93,100,4.63,overcast clouds
117,Asyut,EG,27.181,31.1837,86.27,27,0,6.26,clear sky
118,Gunjur,GM,13.2019,-16.7339,78.87,94,40,0.0,light thunderstorm
119,Bubaque,GW,11.2833,-15.8333,81.21,81,92,13.49,overcast clouds
120,Pangnirtung,CA,66.1451,-65.7125,45.79,77,100,0.89,light rain
121,Broome,US,42.2506,-75.833,75.09,72,2,4.18,clear sky
122,Gaoua,BF,10.2992,-3.2508,76.68,80,55,3.2,broken clouds
123,Tuatapere,NZ,-46.1333,167.6833,49.21,95,100,3.89,light rain
124,Arinos,BR,-15.9169,-46.1056,66.63,47,1,3.13,clear sky
125,Edd,ER,13.9297,41.6925,89.96,62,90,2.73,overcast clouds
126,Kombissiri,BF,12.0656,-1.3375,81.81,63,70,12.93,broken clouds
127,Provideniya,RU,64.3833,-173.3,43.59,93,100,6.35,light rain
128,Port Lincoln,AU,-34.7333,135.8667,57.31,73,28,10.27,scattered clouds
129,Nizhniy Kuranakh,RU,58.8353,125.4869,74.62,50,5,3.42,clear sky
130,Winsum,NL,53.33,6.5208,64.38,93,66,6.4,broken clouds
131,Ardesen,TR,41.1911,40.9875,67.86,73,100,2.48,overcast clouds
132,Huilong,CN,31.8111,121.655,83.93,74,1,12.06,clear sky
133,Katsuura,JP,35.1333,140.3,78.51,86,61,25.1,broken clouds
134,Praia Da Vitoria,PT,38.7333,-27.0667,64.76,88,40,10.18,scattered clouds
135,Evensk,RU,61.95,159.2333,45.18,95,100,2.39,light rain
136,Rincon,US,32.296,-81.2354,80.91,77,40,13.8,scattered clouds
137,Hasaki,JP,35.7333,140.8333,88.2,77,3,22.57,clear sky
138,Longyearbyen,SJ,78.2186,15.6401,42.64,52,0,16.11,clear sky
139,Puerto Ayora,EC,-0.7393,-90.3518,75.16,96,78,4.0,broken clouds
140,San Policarpo,PH,12.1791,125.5072,82.53,78,22,0.81,few clouds
141,Aksarka,RU,66.5606,67.7975,51.01,80,85,19.95,light rain
142,Vostok,RU,46.4856,135.8833,64.06,90,99,2.04,overcast clouds
143,Fallon,US,39.4735,-118.7774,92.91,11,40,3.44,scattered clouds
144,Beira,MZ,-19.8436,34.8389,64.49,100,40,0.0,scattered clouds
145,San Ignacio,BZ,17.1561,-89.0714,89.74,58,20,0.0,few clouds
146,Padang,ID,-0.9492,100.3543,73.45,90,100,2.48,light rain
147,Balancan,MX,17.8,-91.5333,83.37,75,68,3.38,broken clouds
148,Santa Maria,BR,-29.6842,-53.8069,56.5,100,100,3.44,mist
149,Nemuro,JP,43.3236,145.575,59.85,98,100,16.04,overcast clouds
150,Saskylakh,RU,71.9167,114.0833,50.34,52,97,17.07,overcast clouds
151,Arraial Do Cabo,BR,-22.9661,-42.0278,62.56,94,0,3.44,clear sky
152,Tacoronte,ES,28.4769,-16.4102,63.39,87,75,21.99,broken clouds
153,Kuala Kedah,MY,6.1,100.3,76.98,94,20,2.3,few clouds
154,Namibe,AO,-15.1961,12.1522,66.38,58,0,6.4,clear sky
155,Severo-Kurilsk,RU,50.6789,156.125,51.67,74,100,1.5,overcast clouds
156,Llandrindod Wells,GB,52.2416,-3.3787,52.95,85,92,20.71,light rain
157,Khudumelapye,BW,-23.8833,24.75,51.06,61,31,10.42,light rain
158,Richards Bay,ZA,-28.783,32.0377,63.54,76,44,12.68,light rain
159,Benguela,AO,-12.5763,13.4055,66.92,86,0,3.62,clear sky
160,Rudnichnyy,RU,59.617,52.4703,51.85,97,54,5.68,broken clouds
161,Otofuke,JP,42.9917,143.2003,76.15,77,62,7.2,broken clouds
162,Alofi,NU,-19.0595,-169.9187,75.09,73,78,18.41,broken clouds
163,Hamilton,US,39.1834,-84.5333,83.25,53,0,4.61,clear sky
164,Palaikastron,GR,35.2,26.25,73.08,74,0,15.75,clear sky
165,Jamestown,US,42.097,-79.2353,74.84,38,0,3.44,clear sky
166,Bongabon,PH,15.6321,121.1448,83.08,73,14,2.21,few clouds
167,Souillac,MU,-20.5167,57.5167,70.18,52,40,17.27,scattered clouds
168,Yulara,AU,-25.2406,130.9889,57.76,41,39,12.12,scattered clouds
169,Langsa,ID,4.4683,97.9683,74.03,94,99,2.46,overcast clouds
170,Jarabacoa,DO,19.1218,-70.6422,79.88,83,75,4.81,broken clouds
171,Innisfail,AU,-17.5333,146.0333,72.16,78,43,7.07,scattered clouds
172,Nanortalik,GL,60.1432,-45.2371,42.31,78,98,9.84,overcast clouds
173,Port Hedland,AU,-20.3167,118.5667,64.45,48,0,8.05,clear sky
174,Nanakuli,US,21.3906,-158.1547,85.98,47,100,9.22,overcast clouds
175,Kuching,MY,1.55,110.3333,77.22,94,20,2.3,few clouds
176,Qaqortoq,GL,60.7167,-46.0333,41.99,73,100,1.97,overcast clouds
177,Butaritari,KI,3.0707,172.7902,82.4,75,71,16.62,light rain
178,Berlevag,NO,70.8578,29.0864,48.2,87,75,5.75,broken clouds
179,Savelugu,GH,9.6244,-0.8253,79.25,75,66,5.55,broken clouds
180,Cherskiy,RU,68.75,161.3,47.88,53,99,2.1,overcast clouds
181,Linxia,CN,35.6003,103.2064,71.47,63,76,1.1,broken clouds
182,Lafayette,US,30.2335,-92.0668,91.53,57,0,4.61,clear sky
183,Sistranda,NO,63.7256,8.834,57.16,89,4,17.74,clear sky
184,Camacha,PT,33.0833,-16.3333,62.02,94,40,13.8,scattered clouds
185,Port-Gentil,GA,-0.7193,8.7815,72.82,83,98,12.48,light rain
186,Tiksi,RU,71.6872,128.8694,32.5,94,100,1.66,snow
187,Victoria,HK,22.2855,114.1577,88.32,80,100,8.01,overcast clouds
188,Svetlyy,RU,54.675,20.1347,61.97,86,66,9.86,broken clouds
189,Saldanha,ZA,-33.0117,17.9442,42.85,79,0,9.98,clear sky
190,Riverton,US,40.5219,-111.9391,87.57,26,40,7.0,scattered clouds
191,Ayan,RU,56.45,138.1667,47.7,97,100,12.28,overcast clouds
192,Malanje,AO,-9.5402,16.341,62.96,53,34,2.68,scattered clouds
193,Ilulissat,GL,69.2167,-51.1,48.22,57,75,2.3,broken clouds
194,Sete,FR,43.4018,3.6966,73.26,60,38,3.78,scattered clouds
195,Ust-Kuyga,RU,70.0167,135.6,49.32,52,97,9.51,overcast clouds
196,Linda,US,39.1277,-121.5508,105.73,12,0,10.36,clear sky
197,Katobu,ID,-4.9408,122.5276,78.01,87,88,4.21,overcast clouds
198,Chokurdakh,RU,70.6333,147.9167,40.33,53,99,14.85,overcast clouds
199,Ternate,ID,0.8,127.4,80.83,77,99,2.35,overcast clouds
200,Halifax,CA,44.6453,-63.5724,63.52,99,100,5.99,overcast clouds
201,Cockburn Town,TC,21.4612,-71.1419,82.15,78,43,15.23,scattered clouds
202,Mancio Lima,BR,-7.6142,-72.8958,75.13,84,57,0.67,broken clouds
203,Soyo,AO,-6.1349,12.3689,70.5,92,46,6.46,scattered clouds
204,Dudinka,RU,69.4058,86.1778,58.17,59,16,15.46,few clouds
205,Cascais,PT,38.6979,-9.4215,67.46,75,24,15.01,few clouds
206,Constitucion,CL,-35.3333,-72.4167,53.78,89,61,3.36,broken clouds
207,Karpathos,GR,35.507,27.2132,75.16,69,0,20.71,clear sky
208,Moron,AR,-34.6534,-58.6198,49.96,67,100,4.65,overcast clouds
209,Chalus,IR,36.655,51.4204,72.86,88,40,0.0,scattered clouds
210,Zhezkazgan,KZ,47.8043,67.7144,78.82,33,7,8.81,clear sky
211,Zhigansk,RU,66.7697,123.3711,70.92,55,72,13.65,broken clouds
212,Konstantinovka,RU,49.6167,127.9833,69.94,82,94,7.0,overcast clouds
213,La Tuque,CA,47.4334,-72.7824,75.45,69,53,3.44,broken clouds
214,Lavrentiya,RU,65.5833,-171.0,42.51,92,100,9.8,overcast clouds
215,Ribeira Brava,PT,32.65,-17.0667,68.63,78,4,5.03,clear sky
216,Rapid Valley,US,44.0625,-103.1463,75.04,65,0,26.46,light intensity drizzle
217,Solnechnyy,RU,50.7214,136.6319,54.18,98,100,7.81,overcast clouds
218,Antalaha,MG,-14.9003,50.2788,69.1,83,99,10.63,light rain
219,Xining,CN,36.6167,101.7667,65.66,66,95,2.39,overcast clouds
220,Quatre Cocos,MU,-20.2078,57.7625,70.09,58,60,19.8,broken clouds
221,Sao Filipe,CV,14.8961,-24.4956,77.74,77,38,13.62,scattered clouds
222,Inhambane,MZ,-23.865,35.3833,67.24,80,28,3.0,scattered clouds
223,Utete,TZ,-7.986,38.758,66.18,85,53,1.68,broken clouds
224,Fortuna,US,40.5982,-124.1573,66.92,66,0,3.0,clear sky
225,Dwarka,IN,22.2394,68.9678,83.16,79,98,16.73,overcast clouds
226,Kuala Terengganu,MY,5.3302,103.1408,75.15,94,20,4.61,light rain
227,Nyurba,RU,63.2842,118.3319,77.99,50,97,6.69,overcast clouds
228,Geraldton,AU,-28.7667,114.6,48.61,93,0,6.91,clear sky
229,Penzance,GB,50.1186,-5.5371,56.08,71,51,24.67,broken clouds
230,Tasiilaq,GL,65.6145,-37.6368,39.36,67,97,4.94,overcast clouds
231,Kiunga,PG,-6.1219,141.2906,79.11,89,100,3.04,overcast clouds
232,Caravelas,BR,-17.7125,-39.2481,70.97,85,1,4.59,clear sky
233,Vila Do Maio,CV,15.1333,-23.2167,75.99,84,52,18.61,broken clouds
234,Kot Samaba,PK,28.5522,70.4684,94.62,23,0,6.08,clear sky
235,Broken Hill,AU,-31.95,141.4333,55.44,75,5,5.93,clear sky
236,Yar-Sale,RU,66.8333,70.8333,55.56,78,21,19.93,few clouds
237,Newcastle,AU,-32.9272,151.7765,65.08,62,3,17.27,clear sky
238,Del Rio,US,29.3627,-100.8968,102.31,19,0,14.97,clear sky
239,Flinders,AU,-34.5833,150.8552,64.38,61,27,5.99,scattered clouds
240,Koupela,BF,12.1794,-0.3517,81.1,65,87,12.41,overcast clouds
241,Noyabrsk,RU,63.1994,75.4507,58.3,83,97,12.37,overcast clouds
242,Cururupu,BR,-1.8283,-44.8683,73.44,96,18,2.86,few clouds
243,Moranbah,AU,-22.0016,148.0466,65.57,63,1,13.91,clear sky
244,Fort Frances,CA,48.5999,-93.4003,80.17,64,0,5.75,clear sky
245,Stromness,GB,58.965,-3.296,52.88,93,100,11.99,overcast clouds
246,Deputatskiy,RU,69.3,139.9,49.23,34,67,13.35,broken clouds
247,Beringovskiy,RU,63.05,179.3167,44.56,89,100,11.16,overcast clouds
248,Batagay-Alyta,RU,67.8006,130.4114,67.51,42,97,11.34,overcast clouds
249,Ust-Tsilma,RU,65.441,52.1498,48.72,79,93,6.73,overcast clouds
250,Misratah,LY,32.3754,15.0925,80.15,60,0,7.92,clear sky
251,Do Gonbadan,IR,30.3586,50.7981,78.89,24,0,2.3,clear sky
252,Vanimo,PG,-2.6741,141.3028,84.22,68,82,7.11,broken clouds
253,Selty,RU,57.3132,52.1345,52.99,94,54,4.7,broken clouds
254,Fenoarivo Atsinanana,MG,-17.3667,49.4167,67.26,85,84,8.48,light rain
255,Ahipara,NZ,-35.1667,173.1667,61.0,88,98,9.17,overcast clouds
256,Jumla,NP,29.2747,82.1838,62.29,91,83,1.68,broken clouds
257,Armidale,AU,-30.5167,151.65,50.52,50,0,2.44,clear sky
258,Sitka,US,57.0531,-135.33,64.29,68,40,8.05,scattered clouds
259,Nouadhibou,MR,20.931,-17.0347,71.58,73,0,21.85,clear sky
260,Auki,SB,-8.7676,160.7034,84.43,66,23,5.35,few clouds
261,Omboue,GA,-1.5746,9.2618,69.76,90,37,5.23,scattered clouds
262,Alta Floresta,BR,-9.8756,-56.0861,76.32,49,12,3.15,few clouds
263,Alexandria,EG,31.2156,29.9553,77.81,79,0,13.47,clear sky
264,Sabha,LY,27.0377,14.4283,84.76,16,0,7.9,clear sky
265,Ocala,US,29.1872,-82.1401,75.18,73,0,4.61,clear sky
266,Ucluelet,CA,48.9329,-125.5528,70.11,59,8,9.69,clear sky
267,Huangchuan,CN,32.1272,115.0394,85.06,70,82,10.49,broken clouds
268,Garbolovo,RU,60.3413,30.4955,55.99,80,2,4.5,clear sky
269,Ler,SS,8.3018,30.1418,70.59,89,100,3.94,overcast clouds
270,Havoysund,NO,70.9963,24.6622,48.43,82,42,12.86,scattered clouds
271,Nome,US,64.5011,-165.4064,51.17,71,20,8.05,few clouds
272,Kaeo,NZ,-35.1,173.7833,64.33,92,100,7.9,overcast clouds
273,Bethel,US,41.3712,-73.414,77.09,76,0,6.91,clear sky
274,Umm Lajj,SA,25.0213,37.2685,85.35,41,2,9.37,clear sky
275,Nishihara,JP,26.1842,127.7558,87.08,79,75,12.66,broken clouds
276,Banda Aceh,ID,5.5577,95.3222,79.3,77,100,12.17,overcast clouds
277,Charters Towers,AU,-20.1,146.2667,67.21,60,62,13.44,broken clouds
278,Maryville,US,35.7565,-83.9705,86.25,77,40,8.05,scattered clouds
279,College,US,64.8569,-147.8028,75.0,41,75,6.91,smoke
280,Ulaangom,MN,49.9811,92.0667,67.93,49,39,8.79,scattered clouds
281,Phalombe,MW,-15.8064,35.6507,59.32,76,64,3.2,broken clouds
282,Krasnyy Kut,RU,50.95,46.9667,58.98,93,100,10.07,overcast clouds
283,Riachao Das Neves,BR,-11.7461,-44.91,72.73,45,46,0.89,scattered clouds
284,Tobe,JP,33.7447,132.7901,85.1,70,40,3.44,scattered clouds
285,Les Cayes,HT,18.2,-73.75,79.56,82,92,4.85,overcast clouds
286,Zhangye,CN,38.9342,100.4517,82.65,18,100,21.16,overcast clouds
287,Bartica,GY,6.4,-58.6167,79.12,99,60,2.98,broken clouds
288,Alugan,PH,12.2188,125.4808,82.94,76,28,1.03,scattered clouds
289,Svetlaya,RU,46.5389,138.3297,54.52,98,100,7.61,overcast clouds
290,Ipora,BR,-16.4419,-51.1178,69.44,41,0,4.12,clear sky
291,Eureka,US,40.8021,-124.1637,67.19,63,13,4.0,few clouds
292,Puerto Leguizamo,CO,-0.1934,-74.7819,71.49,98,94,2.55,overcast clouds
293,Skibbereen,IE,51.55,-9.2667,50.11,83,100,17.74,overcast clouds
294,Bilma,NE,18.6853,12.9164,89.26,13,61,4.16,broken clouds
295,Meulaboh,ID,4.1363,96.1285,74.57,81,93,4.54,overcast clouds
296,Jojoima,SL,7.8792,-10.7878,71.01,99,100,2.33,moderate rain
297,Husavik,IS,66.0449,-17.3389,41.05,86,99,9.8,overcast clouds
298,Springdale,US,36.1867,-94.1288,93.54,62,20,8.05,few clouds
299,Mareeba,AU,-17.0,145.4333,75.43,68,16,6.38,few clouds
300,Pimentel,PE,-6.8367,-79.9342,62.67,82,51,13.06,broken clouds
301,Santiago Del Estero,AR,-27.7951,-64.2615,53.17,59,100,12.01,overcast clouds
302,Palmer,US,42.1584,-72.3287,78.4,66,20,0.0,few clouds
303,Vaulx-En-Velin,FR,45.7833,4.9333,65.21,85,0,3.44,clear sky
304,Payo,ID,-3.7508,103.6372,71.26,92,53,1.86,broken clouds
305,Jiazi,CN,22.8779,116.067,83.01,79,98,6.11,overcast clouds
306,Guerrero Negro,MX,27.9769,-114.0611,75.7,61,4,18.41,clear sky
307,Baie-Comeau,CA,49.2168,-68.1489,55.08,94,40,5.75,scattered clouds
308,Jilove U Prahy,CZ,49.8955,14.4933,63.81,96,100,2.71,moderate rain
309,Doha,QA,25.2867,51.5333,91.38,56,0,4.61,clear sky
310,Maniwaki,CA,46.3834,-75.966,77.38,50,13,6.91,few clouds
311,Ust-Nera,RU,64.5667,143.2,62.24,43,26,3.71,scattered clouds
312,Aswan,EG,24.0934,32.907,87.01,20,0,9.13,clear sky
313,Lakhimpur,IN,27.95,80.7667,90.9,49,48,9.35,scattered clouds
314,Colon,PA,9.3592,-79.9014,78.37,84,100,3.67,overcast clouds
315,Ugoofaaru,MV,5.6667,73.0,82.89,77,58,19.26,broken clouds
316,Walvis Bay,NA,-22.9575,14.5053,49.15,81,0,0.0,clear sky
317,Iqaluit,CA,63.7506,-68.5145,38.93,93,100,3.44,light rain
318,Donetsk,UA,48.0,37.8,62.1,65,84,4.09,broken clouds
319,Ostrovnoy,RU,68.0531,39.5131,44.22,90,46,6.73,scattered clouds
320,Waipawa,NZ,-41.4122,175.5153,54.3,73,95,5.93,overcast clouds
321,Nhulunbuy,AU,-12.2333,136.7667,81.21,65,40,16.11,scattered clouds
322,Wagga Wagga,AU,-35.1167,147.3667,53.85,100,100,3.44,overcast clouds
323,Ambilobe,MG,-13.2,49.05,65.95,76,28,5.48,scattered clouds
324,Tessalit,ML,20.1986,1.0114,97.52,12,2,4.94,clear sky
325,Kharhial,IN,20.2833,82.7667,79.74,76,100,2.73,overcast clouds
326,Aguas Formosas,BR,-17.0822,-40.9358,66.63,82,24,1.81,few clouds
327,San Rafael,AR,-34.6177,-68.3301,38.16,72,100,12.15,overcast clouds
328,Sept-Iles,CA,50.2001,-66.3821,56.05,95,100,6.91,fog
329,Grindavik,IS,63.8424,-22.4338,46.35,65,20,11.5,few clouds
330,North Bay,CA,46.3168,-79.4663,75.22,53,75,4.61,broken clouds
331,Oranjemund,NA,-28.55,16.4333,54.48,75,0,8.88,clear sky
332,Cap Malheureux,MU,-19.9842,57.6142,70.47,56,73,8.01,broken clouds
333,Alyangula,AU,-13.8483,136.4192,78.87,63,52,11.54,broken clouds
334,Naze,JP,28.3667,129.4833,81.52,82,100,10.09,overcast clouds
335,Najran,SA,17.4924,44.1277,83.05,26,100,3.83,overcast clouds
336,Verkhoyansk,RU,67.5447,133.385,68.7,36,100,13.22,overcast clouds
337,Muyezerskiy,RU,63.9333,31.65,63.09,78,100,3.42,overcast clouds
338,Maniitsoq,GL,65.4167,-52.9,41.36,81,99,5.95,overcast clouds
339,Biltine,TD,14.5333,20.9167,85.71,42,17,5.82,few clouds
340,Gappal,PH,16.8394,121.8206,83.23,75,16,0.83,few clouds
341,Hualmay,PE,-11.0964,-77.6139,62.53,80,42,9.26,scattered clouds
342,Pangkalanbuun,ID,-2.6833,111.6167,77.67,90,94,1.66,overcast clouds
343,Muros,ES,42.7762,-9.0603,59.09,92,100,8.37,overcast clouds
344,San Vicente,AR,-26.6167,-54.1333,60.3,99,75,3.13,broken clouds
345,Cedar City,US,37.6775,-113.0619,83.39,15,0,6.91,clear sky
346,Mozarlandia,BR,-14.7447,-50.5706,74.14,41,0,3.24,clear sky
347,Airai,TL,-8.9266,125.4092,66.49,73,50,3.38,scattered clouds
348,Aberystwyth,GB,52.4155,-4.0829,53.71,83,86,21.0,overcast clouds
349,Yokadouma,CM,3.5167,15.05,68.85,99,100,1.72,overcast clouds
350,Zaysan,KZ,47.4667,84.8667,76.66,39,0,10.98,clear sky
351,Oleksandrivka,UA,48.9634,32.2349,60.1,97,79,9.31,broken clouds
352,Isangel,VU,-19.55,169.2667,80.71,89,75,2.3,broken clouds
353,Coihaique,CL,-45.5752,-72.0662,25.41,86,0,3.44,clear sky
354,Basco,PH,20.4487,121.9702,85.03,77,100,14.74,moderate rain
355,Krasnoselkup,RU,65.7,82.4667,71.06,61,43,8.68,light rain
356,Mayya,RU,61.7333,130.2811,70.92,38,8,1.83,clear sky
357,Tahta,EG,26.7693,31.5021,85.86,25,0,5.48,clear sky
358,Acari,PE,-15.4311,-74.6158,64.47,71,49,4.29,scattered clouds
359,Savannah Bight,HN,16.45,-85.85,81.45,78,58,17.05,broken clouds
360,Belmonte,BR,-15.8631,-38.8828,72.77,84,4,6.42,clear sky
361,Abu Kamal,SY,34.4506,40.9171,83.71,27,4,9.24,clear sky
362,Petropavlovsk-Kamchatskiy,RU,53.0452,158.6483,64.99,59,0,11.18,clear sky
363,Atar,MR,20.5169,-13.0499,89.04,21,0,13.47,clear sky
364,Sechura,PE,-5.5569,-80.8222,64.92,73,63,15.1,broken clouds
365,The Pas,CA,53.8251,-101.2541,60.82,59,100,5.75,overcast clouds
366,Torbay,CA,47.6666,-52.7314,66.97,82,20,11.5,few clouds
367,Manokwari,ID,-0.8667,134.0833,83.93,68,92,4.97,overcast clouds
368,Galesong,ID,-5.3166,119.3661,77.02,76,34,4.05,scattered clouds
369,Ponta Delgada,PT,37.7333,-25.6667,64.51,77,20,6.91,few clouds
370,Mangai,CD,-4.05,19.5333,70.97,63,100,0.47,overcast clouds
371,Belyy Yar,RU,53.6039,91.3903,69.69,68,0,2.24,clear sky
372,Perpignan,FR,42.75,2.75,67.73,68,0,4.61,clear sky
373,Koshurnikovo,RU,54.1667,93.3,57.6,95,96,3.74,light rain
374,Pringsewu,ID,-5.3582,104.9744,73.74,95,100,1.3,overcast clouds
375,Isla Vista,US,34.4133,-119.861,98.38,59,1,9.53,clear sky
376,Rio Brilhante,BR,-21.8019,-54.5464,69.04,56,6,3.47,clear sky
377,Emmett,US,43.8735,-116.4993,85.37,21,0,3.0,clear sky
378,Ixtapa,MX,20.7,-105.2,82.22,78,100,5.75,overcast clouds
379,Qinhuangdao,CN,39.9317,119.5883,85.96,42,71,11.83,broken clouds
380,Antigonish,CA,45.6169,-61.9986,65.55,97,100,5.01,light rain
381,Waingapu,ID,-9.6567,120.2641,79.72,74,100,10.2,overcast clouds
382,Pueblo Nuevo,MX,23.3833,-105.3833,65.23,81,85,5.88,overcast clouds
383,Doume,CM,4.2333,13.45,67.42,99,100,2.08,overcast clouds
384,Sola,VU,-13.8833,167.55,77.67,94,100,0.0,heavy intensity shower rain
385,Koutiala,ML,12.3917,-5.4642,82.38,61,100,12.17,light rain
386,Pisco,PE,-13.7,-76.2167,62.02,88,0,8.05,clear sky
387,Campos Belos,BR,-13.0367,-46.7717,69.21,43,0,4.7,clear sky
388,Port Hardy,CA,50.6996,-127.4199,64.58,63,40,9.22,scattered clouds
389,Haapiti,PF,-17.5667,-149.8667,82.13,67,99,3.04,overcast clouds
390,Touros,BR,-5.1989,-35.4608,74.37,87,25,11.92,scattered clouds
391,Tecoanapa,MX,16.5167,-98.75,80.85,75,100,7.74,overcast clouds
392,Rio Branco Do Sul,BR,-25.19,-49.3142,63.82,83,0,0.34,clear sky
393,Kavieng,PG,-2.5744,150.7967,85.59,67,79,16.51,broken clouds
394,Hofn,IS,64.2539,-15.2082,45.16,62,100,16.75,overcast clouds
395,Lakselv,NO,70.0513,24.9718,46.22,81,0,2.3,clear sky
396,Bokaro,IN,23.7833,85.9667,82.35,79,100,8.21,overcast clouds
397,Maralal,KE,1.0968,36.698,56.97,81,100,4.18,overcast clouds
398,Urumqi,CN,43.801,87.6005,72.55,57,0,11.18,clear sky
399,Arman,RU,59.7,150.1667,53.02,86,80,4.61,broken clouds
400,Japura,ID,-0.3167,102.35,75.54,95,100,3.09,overcast clouds
401,Poum,NC,-20.2333,164.0167,76.82,74,100,10.8,overcast clouds
402,Porto Novo,BJ,6.4965,2.6036,76.53,89,100,7.47,light rain
403,Yangambi,CD,0.8102,24.4336,71.91,85,100,1.74,overcast clouds
404,Port Hawkesbury,CA,45.6169,-61.3485,65.97,97,100,11.5,mist
405,Charlestown,AU,-32.95,151.6667,65.73,61,1,5.99,clear sky
406,Muli,MV,2.9167,73.5667,82.58,76,100,15.68,overcast clouds
407,Siva,EG,29.2041,25.5195,83.53,42,0,11.12,clear sky
408,Beyla,GN,8.6833,-8.6333,67.6,97,97,3.29,overcast clouds
409,Wenling,CN,28.3669,121.36,79.05,91,96,11.27,overcast clouds
410,Bonthe,SL,7.5264,-12.505,75.99,91,100,5.93,moderate rain
411,Rovaniemi,FI,66.5,25.7167,58.41,82,0,4.61,clear sky
412,La Paz,BO,-16.5,-68.15,48.18,57,75,3.44,broken clouds
413,Khawhai,IN,23.3667,93.1167,62.02,99,100,0.76,overcast clouds
414,Vardo,NO,70.3705,31.1107,47.3,81,100,6.49,overcast clouds
415,Seydisehir,TR,37.4193,31.8453,52.36,89,1,5.55,clear sky
416,Pecos,US,31.4229,-103.4932,102.29,12,0,5.75,clear sky
417,Upata,VE,8.0086,-62.3989,76.19,97,28,4.0,scattered clouds
418,Caucaia,BR,-3.7361,-38.6531,77.04,83,75,5.75,broken clouds
419,Stornoway,GB,58.2093,-6.3865,56.93,93,98,0.0,overcast clouds
420,Portland,US,45.5234,-122.6762,86.61,32,20,12.66,few clouds
421,Puerto Del Rosario,ES,28.5004,-13.8627,69.55,73,20,14.97,few clouds
422,Karratha,AU,-20.7377,116.8463,72.09,30,0,15.1,clear sky
423,Hilton Head Island,US,32.2163,-80.7526,81.99,80,40,11.5,scattered clouds
424,Ojinaga,MX,29.5667,-104.4167,104.58,20,0,11.5,clear sky
425,San Juan,AR,-31.5375,-68.5364,47.35,56,100,14.72,overcast clouds
426,Corozal,CO,9.3151,-75.2928,74.95,95,80,7.38,broken clouds
427,Dzaoudzi,YT,-12.7887,45.2699,78.69,69,40,16.11,scattered clouds
428,Vangaindrano,MG,-23.35,47.6,62.87,87,100,3.38,overcast clouds
429,Victor Harbor,AU,-35.5667,138.6167,57.0,84,17,1.99,few clouds
430,Snyder,US,32.7179,-100.9176,100.31,15,0,3.44,clear sky
431,Cayenne,GF,4.9333,-52.3333,82.09,1,75,2.3,broken clouds
432,Uvat,RU,59.1433,68.8953,58.42,73,95,8.79,overcast clouds
433,Dingle,PH,10.9995,122.6711,84.43,74,1,1.74,clear sky
434,Teguldet,RU,57.3064,88.1667,62.13,92,97,7.49,overcast clouds
435,Plettenberg Bay,ZA,-34.0527,23.3716,51.3,79,0,4.59,clear sky
436,Bulgan,MN,48.8125,103.5347,63.68,80,100,2.8,overcast clouds
437,Adrar,MR,20.5022,-10.0711,89.92,19,0,15.43,clear sky
438,Udachnyy,RU,66.4167,112.4,83.03,25,7,11.77,clear sky
439,Jahazpur,IN,25.6167,75.2833,87.1,38,5,4.16,clear sky
440,Mantua,IT,45.1667,10.7833,70.75,84,23,3.0,few clouds
441,Iberia,US,29.9502,-91.7507,91.47,52,0,3.44,clear sky
442,Cabinda,AO,-5.55,12.2,70.18,93,97,5.66,overcast clouds
443,Cervo,ES,43.6702,-7.4101,56.97,83,100,12.06,overcast clouds
444,Bichena,ET,10.45,38.2,56.39,70,93,3.94,overcast clouds
445,Virginia Beach,US,36.8529,-75.978,75.02,79,0,9.22,clear sky
446,Kaoma,ZM,-14.7833,24.8,49.64,66,0,5.68,clear sky
447,Muswellbrook,AU,-32.2667,150.9,64.33,52,4,6.17,clear sky
448,Aripuana,BR,-9.1667,-60.6333,75.65,59,6,2.53,clear sky
449,Bardiyah,LY,31.7561,25.0865,75.0,89,0,12.08,clear sky
450,Siocon,PH,7.7061,122.1353,84.29,70,34,0.31,scattered clouds
451,Half Moon Bay,US,37.4636,-122.4286,94.87,66,40,21.85,mist
452,Bulancak,TR,40.9372,38.2291,62.42,82,75,1.14,broken clouds
453,Kirovskiy,RU,45.0917,133.5136,72.7,74,73,7.87,light rain
454,Dargaville,NZ,-35.9333,173.8833,61.95,77,100,9.48,overcast clouds
455,Komsomolskiy,UZ,40.4272,71.7189,74.12,53,0,4.61,clear sky
456,Sena Madureira,BR,-9.0656,-68.6569,72.97,64,6,2.44,clear sky
457,Lubango,AO,-14.9172,13.4925,54.88,30,0,2.46,clear sky
458,Los Llanos De Aridane,ES,28.6585,-17.9182,65.95,78,75,14.97,broken clouds
459,Maldonado,UY,-34.6667,-54.9167,47.59,85,100,5.23,overcast clouds
460,Beloha,MG,-25.1667,45.05,60.06,64,0,7.14,clear sky
461,Sayansk,RU,54.1088,102.1648,57.34,92,100,2.95,overcast clouds
462,Sheridan,US,44.8333,-106.9173,70.18,60,100,5.75,overcast clouds
463,Kitimat,CA,54.0524,-128.6534,80.98,43,18,1.77,few clouds
464,Srednekolymsk,RU,67.45,153.6833,57.36,31,7,8.97,clear sky
465,Dabola,GN,10.75,-11.1167,71.91,91,41,3.51,light rain
466,El Dorado,US,38.7666,-120.5177,92.43,19,0,1.01,clear sky
467,Talcahuano,CL,-36.7167,-73.1167,51.48,93,100,3.44,mist
468,Wexford,IE,52.3342,-6.4575,51.22,89,100,19.55,overcast clouds
469,Rio Gallegos,AR,-51.6226,-69.2181,37.45,75,0,21.85,clear sky
470,Le Port,RE,-20.9373,55.2919,67.24,54,57,5.55,broken clouds
471,Halmstad,SE,56.6745,12.8568,66.4,70,5,6.91,clear sky
472,Turayf,SA,31.6725,38.6637,75.45,46,0,6.91,clear sky
473,Funadhoo,MV,6.15,73.2667,82.92,77,32,20.13,scattered clouds
474,Sulangan,PH,11.1373,123.7228,84.13,69,6,1.34,clear sky
475,Chimoio,MZ,-19.1164,33.4833,57.06,100,75,0.43,broken clouds
476,Goderich,CA,43.7501,-81.7165,67.53,73,17,10.65,few clouds
477,Kartaly,RU,53.0522,60.6467,64.17,91,96,13.78,overcast clouds
478,Erdenet,MN,49.0333,104.0833,62.64,81,100,4.03,overcast clouds
479,Mosalsk,RU,54.4881,34.9817,54.97,90,57,5.3,broken clouds
480,North Myrtle Beach,US,33.816,-78.68,79.38,73,0,8.05,clear sky
481,Klaksvik,FO,62.2266,-6.589,50.92,98,100,23.44,light rain
482,Havelock,US,34.8791,-76.9013,78.8,77,0,11.5,clear sky
483,Acapulco,MX,16.8634,-99.8901,82.22,83,100,11.5,overcast clouds
484,Kamenka,RU,51.3223,42.7678,57.4,94,62,6.91,broken clouds
485,Hovd,MN,48.0056,91.6419,67.95,50,83,8.88,broken clouds
486,Kirkwood,US,38.5834,-90.4068,87.39,52,75,6.91,broken clouds
487,Egvekinot,RU,66.3167,-179.1667,34.97,99,100,5.08,light snow
488,Trelew,AR,-43.249,-65.3051,35.42,76,8,9.4,clear sky
489,Dobson,US,36.3957,-80.7226,80.28,74,9,1.95,clear sky
490,Port Macquarie,AU,-31.4333,152.9167,62.89,46,0,0.85,clear sky
491,Ola,RU,59.5833,151.2833,53.15,91,96,5.57,overcast clouds
492,Dubuque,US,42.4833,-90.8668,83.23,45,0,12.66,clear sky
493,Tomatlan,MX,19.9333,-105.25,77.7,79,100,5.19,overcast clouds
494,Shu,KZ,43.5983,73.7614,73.27,54,7,3.51,clear sky
495,Rondonopolis,BR,-16.4708,-54.6356,72.81,40,0,2.95,clear sky
496,Cortez,US,37.3489,-108.5859,84.96,21,0,11.5,clear sky
497,Kahului,US,20.8947,-156.47,84.22,66,40,17.27,scattered clouds
498,Tabuk,PH,17.4189,121.4443,82.58,76,67,4.34,broken clouds
499,Terrace Bay,CA,48.7834,-87.1,54.72,90,52,3.94,broken clouds
500,Clyde River,CA,70.4692,-68.5914,32.23,93,100,6.91,overcast clouds
501,Dunedin,NZ,-45.8742,170.5036,53.85,72,100,3.53,overcast clouds
502,San Mateo Ixtatan,GT,15.8319,-91.4781,49.51,94,70,4.63,broken clouds
503,Lakatoro,VU,-16.0999,167.4164,80.46,79,75,15.1,broken clouds
504,Mogadishu,SO,2.0371,45.3438,77.25,73,100,15.59,overcast clouds
505,Gat,IL,31.61,34.7642,79.39,74,0,4.59,clear sky
506,Sisimiut,GL,66.9395,-53.6735,42.66,72,99,1.41,overcast clouds
507,Dano,BF,11.15,-3.0667,77.09,78,99,7.63,overcast clouds
508,Irituia,BR,-1.7711,-47.4381,72.79,93,3,3.2,clear sky
509,San Javier,ES,37.8063,-0.8374,72.21,70,0,3.44,clear sky
510,Rawlins,US,41.7911,-107.2387,60.69,59,100,14.97,overcast clouds
511,Penukonda,IN,14.0833,77.5833,73.62,77,100,14.72,overcast clouds
512,Tecpan,GT,14.7623,-90.9947,59.88,95,99,4.05,overcast clouds
513,Yagodnoye,RU,62.55,149.6667,56.73,70,85,3.74,overcast clouds
514,Orlik,RU,52.5178,99.825,62.64,45,6,6.64,clear sky
515,Taft,IR,31.7471,54.2088,78.75,11,0,2.3,clear sky
516,Nicoya,CR,10.1483,-85.452,75.09,90,100,0.81,light rain
517,Ambon,ID,-3.6954,128.1814,82.24,12,20,3.44,few clouds
518,Umm Kaddadah,SD,13.6017,26.6876,81.63,52,88,16.24,overcast clouds
519,Leningradskiy,RU,69.3833,178.4167,36.57,90,100,6.11,overcast clouds
520,Nipawin,CA,53.3668,-104.0009,62.64,67,100,4.61,overcast clouds
521,Miles City,US,46.4083,-105.8406,61.77,63,100,9.22,overcast clouds
522,San Pedro,PH,14.35,121.0167,86.27,74,40,2.3,light rain
523,Tawau,MY,4.2498,117.8871,80.73,83,22,2.08,few clouds
524,Sirjan,IR,29.452,55.6814,73.72,15,0,5.79,clear sky
525,West Wendover,US,40.7391,-114.0733,88.81,17,0,18.41,clear sky
526,Aloleng,PH,16.1307,119.7824,83.5,74,16,3.74,few clouds
527,Maceio,BR,-9.6658,-35.7353,76.44,78,75,4.61,broken clouds
528,Ponnani,IN,10.767,75.9252,72.72,87,100,4.23,overcast clouds
529,Umba,RU,66.6871,34.3429,50.22,86,1,6.78,clear sky
530,Gibara,CU,21.1097,-76.1317,78.12,85,76,8.05,broken clouds
531,Pemberton,CA,50.3164,-122.8027,76.84,36,46,4.34,scattered clouds
532,Javanrud,IR,34.7961,46.5172,61.03,40,0,3.29,clear sky
533,Menongue,AO,-14.6585,17.691,52.21,54,6,4.23,clear sky
534,Paragominas,BR,-2.9667,-47.4833,73.38,86,39,3.6,scattered clouds
535,Rocha,UY,-34.4833,-54.3333,44.37,83,100,6.51,overcast clouds
536,Terralba,IT,39.7192,8.6392,80.85,49,90,4.36,light rain
537,Marsa Matruh,EG,31.3525,27.2453,77.2,83,0,10.36,clear sky
538,Tezu,IN,27.9167,96.1667,75.18,98,100,1.3,overcast clouds
539,Alto Araguaia,BR,-17.3147,-53.2153,66.88,46,0,3.67,clear sky
540,Kailua,US,21.4022,-157.7394,85.98,65,0,8.05,clear sky
541,Iguape,BR,-24.7081,-47.5553,65.21,93,5,3.36,clear sky
542,Knyaze-Volkonskoye,RU,48.4642,135.4567,62.94,98,100,8.14,overcast clouds
543,Port Moresby,PG,-9.4431,147.1797,85.42,70,20,5.75,haze
544,Eyl,SO,7.9803,49.8164,78.85,66,100,18.95,overcast clouds
545,Manosque,FR,43.8288,5.7869,60.42,72,0,3.96,clear sky
546,Mount Darwin,ZW,-16.7725,31.5838,50.02,88,0,3.29,clear sky
547,Avera,US,33.194,-82.5271,87.85,48,89,10.09,overcast clouds
548,Saint-Louis,SN,16.3333,-15.0,94.64,39,0,8.75,clear sky
549,Sfantu Gheorghe,RO,45.8667,25.7833,61.27,83,23,2.98,few clouds
550,Magadan,RU,59.5667,150.8,54.54,91,95,4.23,overcast clouds
551,Tocopilla,CL,-22.092,-70.1979,65.17,61,70,8.81,broken clouds
552,Plast,RU,54.3691,60.8136,61.7,99,100,4.9,light rain
553,Garden City,US,42.3256,-83.331,88.05,51,20,10.36,few clouds
554,Talnakh,RU,69.4865,88.3972,60.89,56,7,13.98,clear sky
555,Rock Sound,BS,24.9,-76.2,81.23,72,100,9.04,overcast clouds
556,Lompoc,US,34.6391,-120.4579,88.7,74,0,13.8,clear sky
557,Port Blair,IN,11.6667,92.75,77.04,94,75,2.3,mist
558,Celendin,PE,-6.8703,-78.1517,52.7,81,79,3.36,broken clouds
559,Tura,IN,25.5198,90.2201,75.4,95,100,5.55,overcast clouds
560,Bogalusa,US,30.791,-89.8487,96.55,59,0,0.0,clear sky
561,Anadyr,RU,64.75,177.4833,41.34,95,100,13.67,overcast clouds
562,Sinnar,SD,13.5691,33.5672,77.63,60,100,18.43,overcast clouds
563,Gimli,CA,50.6336,-96.9907,69.82,78,100,6.91,overcast clouds
564,Sungairaya,ID,0.7,108.9,77.04,88,100,4.05,overcast clouds
565,Kutum,SD,14.2,24.6667,76.62,41,67,2.91,broken clouds
566,Shache,CN,38.4167,77.2406,80.55,19,0,9.62,clear sky
567,Vestmanna,FO,62.1564,-7.1664,49.12,93,100,19.57,light intensity drizzle
568,Launceston,AU,-41.45,147.1667,55.8,75,75,23.02,broken clouds
569,Araguacu,BR,-12.9306,-49.8264,75.97,43,1,4.63,clear sky
570,Burns Lake,CA,54.2331,-125.7533,71.02,31,84,3.09,broken clouds
571,Erzin,TR,36.9559,36.2,67.84,84,98,1.9,overcast clouds
572,Martapura,ID,-3.4167,114.85,78.89,83,20,4.61,few clouds
573,Sukumo,JP,32.9333,132.7333,82.24,78,100,5.88,overcast clouds
574,Fort Nelson,CA,58.8053,-122.7002,78.39,24,40,5.75,scattered clouds
575,Nabire,ID,-3.3667,135.4833,84.42,66,86,1.36,overcast clouds
576,Castanos,MX,26.7833,-101.4167,98.35,20,0,19.37,clear sky
577,Bam,IR,29.106,58.357,89.44,12,5,9.37,clear sky
578,Verkhnevilyuysk,RU,63.4453,120.3167,83.07,38,69,6.64,broken clouds
579,Pedernales,DO,18.0384,-71.744,81.5,76,100,1.74,overcast clouds
580,Quelimane,MZ,-17.8786,36.8883,66.15,94,20,2.3,few clouds
581,Nelson Bay,AU,-32.7167,152.15,63.0,66,4,7.0,clear sky
582,Maneadero,MX,31.7167,-116.5667,75.09,73,17,3.0,few clouds
583,Puerto Colombia,CO,10.9878,-74.9547,82.49,82,100,3.85,overcast clouds
584,Bom Jesus,BR,-9.0744,-44.3586,72.97,59,39,2.37,scattered clouds
585,Rundu,NA,-17.9333,19.7667,53.1,42,4,4.97,clear sky
586,Prainha,BR,-1.8,-53.48,75.22,80,98,2.19,overcast clouds
587,Tarko-Sale,RU,64.9225,77.785,71.4,57,88,7.58,overcast clouds
588,Moussoro,TD,13.6408,16.4901,88.86,37,48,8.46,scattered clouds
589,Modasa,IN,23.4667,73.3,84.63,68,0,6.55,clear sky
590,Sancti Spiritus,CU,21.9297,-79.4425,76.89,87,30,2.15,scattered clouds
591,Novyy Urgal,RU,51.0736,132.5642,70.66,59,100,11.45,overcast clouds
592,Honiara,SB,-9.4333,159.95,86.86,62,92,9.53,overcast clouds
593,Coahuayana,MX,18.7333,-103.6833,74.71,92,100,2.62,overcast clouds
594,Darnah,LY,32.767,22.6367,77.49,73,0,13.18,clear sky
595,Mehamn,NO,71.0357,27.8492,48.15,76,100,5.75,overcast clouds
596,Yenagoa,NG,4.9247,6.2642,73.72,96,100,3.76,light rain
597,Bathsheba,BB,13.2167,-59.5167,81.21,78,40,18.41,scattered clouds
598,Puerto Ayacucho,VE,5.6639,-67.6236,74.73,93,100,1.23,overcast clouds
599,Merrill,US,45.1805,-89.6835,87.57,42,0,10.36,clear sky
600,Noumea,NC,-22.2763,166.4572,78.78,99,51,12.12,broken clouds
601,Hami,CN,42.8,93.45,86.99,23,100,4.81,overcast clouds
602,Fernie,CA,49.5,-115.0687,59.68,50,99,2.46,overcast clouds
603,Lakes Entrance,AU,-37.8811,147.981,58.15,50,2,8.23,clear sky
604,Kushima,JP,31.4583,131.2333,81.48,81,100,6.33,overcast clouds
605,Olinda,BR,-8.0089,-34.8553,76.73,69,75,6.91,broken clouds
606,Samarai,PG,-10.6167,150.6667,80.82,81,95,13.94,overcast clouds
607,Vero Beach,US,27.6386,-80.3973,82.99,76,40,14.97,scattered clouds
608,Prado,BR,-17.3411,-39.2208,71.19,88,0,4.7,clear sky
609,Odessa,UA,46.4775,30.7326,63.03,85,78,14.36,broken clouds
610,Jalingo,NG,8.8833,11.3667,74.25,90,99,4.07,light rain
611,Sokolo,ML,14.7328,-6.1219,85.82,48,100,20.38,overcast clouds
612,Tiko,CM,4.0745,9.3699,75.81,93,94,4.72,moderate rain
613,Huarmey,PE,-10.0681,-78.1522,63.18,83,46,8.3,scattered clouds
614,Amahai,ID,-3.3333,128.9167,81.72,75,92,0.81,overcast clouds
615,Batagay,RU,67.6333,134.6333,65.23,35,79,5.75,broken clouds
616,Paamiut,GL,61.994,-49.6678,40.1,87,100,6.24,overcast clouds
617,Vaitape,PF,-16.5167,-151.75,78.84,73,59,5.7,broken clouds
618,Vila Franca Do Campo,PT,37.7167,-25.4333,64.2,86,24,6.13,few clouds
619,Shubarkuduk,KZ,49.1447,56.4872,70.07,68,2,7.87,clear sky
620,Chemax,MX,20.65,-87.9333,75.81,91,73,3.76,broken clouds
621,Paidha,UG,2.4167,30.9855,60.82,90,100,3.78,overcast clouds
622,Viedma,AR,-40.8135,-62.9967,42.66,64,96,6.64,overcast clouds
623,Scottsbluff,US,41.8666,-103.6672,84.43,26,0,13.8,clear sky
624,Ndende,GA,-2.4008,11.3581,69.96,86,100,1.92,overcast clouds
625,Nuuk,GL,64.1835,-51.7216,47.01,61,100,5.75,overcast clouds
626,Doka,SD,13.5167,35.7667,70.48,82,100,12.75,overcast clouds
627,Mecca,SA,21.4267,39.8261,89.42,24,97,3.56,light rain
628,Necochea,AR,-38.5473,-58.7368,44.44,76,84,9.46,broken clouds
629,Hay River,CA,60.8156,-115.7999,78.78,27,75,6.91,broken clouds
630,Mitu,CO,1.1983,-70.1733,70.79,99,100,1.81,overcast clouds
631,Waldkirchen,DE,48.7327,13.6008,60.76,98,100,8.81,moderate rain
632,Taltal,CL,-25.4,-70.4833,59.95,65,100,3.2,overcast clouds
633,Lata,PT,40.1629,-8.3327,65.8,93,100,2.62,overcast clouds
634,Santa Rosa,PH,14.3122,121.1114,86.02,75,14,4.27,light rain
635,Kulhudhuffushi,MV,6.6221,73.07,82.71,78,99,20.71,overcast clouds
636,Bowen,AU,-20.0167,148.2333,73.33,58,91,15.79,overcast clouds
637,Dehui,CN,44.5333,125.7,64.17,93,100,9.82,overcast clouds
638,Tongzi,CN,28.7829,105.0877,81.86,79,47,1.77,scattered clouds
639,Temirtau,KZ,50.0544,72.9483,75.02,48,3,4.88,clear sky
640,Storforshei,NO,66.4043,14.5233,50.67,87,98,0.0,overcast clouds
641,Buraydah,SA,26.326,43.975,90.05,11,93,9.82,moderate rain
642,San Isidro,PE,-12.1167,-77.05,62.19,77,100,8.05,overcast clouds
643,Vila Velha,BR,-20.3297,-40.2925,73.35,89,0,6.91,clear sky
644,Joshimath,IN,30.5667,79.5667,70.92,67,1,2.39,clear sky
645,Champerico,GT,14.3,-91.9167,81.14,77,36,4.27,scattered clouds
646,Batemans Bay,AU,-35.7167,150.1833,61.65,45,0,3.89,clear sky
647,Imeni Poliny Osipenko,RU,52.4201,136.4853,55.6,84,100,17.05,overcast clouds
648,Dipolog,PH,8.5894,123.3414,84.43,70,88,0.58,overcast clouds
649,Owando,CG,-0.4819,15.8999,72.18,88,100,2.01,overcast clouds
650,Lethem,GY,3.3803,-59.7968,75.29,91,100,6.04,overcast clouds
651,Grand-Santi,GF,4.25,-54.3833,72.25,98,87,1.9,overcast clouds
652,Crixas,BR,-14.5489,-49.9692,73.74,45,0,4.21,clear sky
653,Takoradi,GH,4.8845,-1.7554,74.8,92,69,7.23,broken clouds
654,Kaura Namoda,NG,12.5898,6.5779,81.54,60,100,14.58,overcast clouds
655,Andradina,BR,-20.8961,-51.3794,68.65,45,0,6.85,clear sky
656,Asfi,MA,32.2994,-9.2372,68.18,76,6,12.88,clear sky
657,Bemidji,US,47.4736,-94.8803,79.38,61,40,11.5,scattered clouds
658,Kupang,ID,-10.1667,123.5833,79.38,75,91,14.03,overcast clouds
659,Katherine,AU,-14.4667,132.2667,73.72,60,11,11.5,few clouds
660,Payson,US,40.0444,-111.7321,86.92,24,40,6.91,scattered clouds
661,Topolobampo,MX,25.6,-109.05,87.6,51,1,8.05,clear sky
662,Amurzet,RU,47.6967,131.0981,61.81,97,100,7.85,light rain
663,Jatiroto,ID,-7.8833,111.1167,77.63,82,72,3.94,broken clouds
664,Pelhrimov,CZ,49.4313,15.2234,60.58,95,100,10.11,overcast clouds
665,La Ronge,CA,55.1001,-105.2842,52.05,71,100,13.8,overcast clouds
